timestamp,pH,gas_flow_Lh,temperature_C,state,feed_pump_ml,buffer_pump_ml
2025-09-27 04:00:25.366869,7.099342830602247,10.717542255795962,37.142932695362454,Steady,0,0
2025-09-27 04:10:25.366869,6.9723471397657635,11.937152630017769,37.167228394993515,Steady,0,0
2025-09-27 04:20:25.366869,7.1295377076201385,10.934504478553047,37.329272136336414,Steady,0,0
2025-09-27 04:30:25.366869,7.304605971281605,12.89647033079339,38.00510226938317,Steady,0,0
2025-09-27 04:40:25.366869,6.953169325055333,10.268425475997526,36.91152638625297,Steady,0,0
2025-09-27 04:50:25.366869,6.9531726086101635,10.291005157486659,36.60085137773077,Steady,0,0
2025-09-27 05:00:25.366869,7.315842563101478,12.242585630460315,36.31034038599274,Steady,0,0
2025-09-27 05:10:25.366869,7.153486945830582,12.937415466250306,36.63453498002904,Steady,0,0
2025-09-27 05:20:25.366869,6.90610512281301,12.72195357254673,36.9834365135631,Steady,0,0
2025-09-27 05:30:25.366869,7.108512008717193,10.830335378827328,37.89727893175889,Steady,0,0
2025-09-27 05:40:25.366869,6.9073164614375075,12.89059503371304,36.74119435048191,Steady,0,0
2025-09-27 05:50:25.366869,6.906854049285949,11.69426134974175,37.11189397581945,Steady,0,0
2025-09-27 06:00:25.366869,7.048392454313207,13.624095807866661,36.99178855196362,Steady,0,0
2025-09-27 06:10:25.366869,6.61734395106844,13.21432617681595,37.59419663672404,Steady,0,0
2025-09-27 06:20:25.366869,6.655016433497393,11.741018134642882,38.26346621293681,Steady,0,0
2025-09-27 06:30:25.366869,6.8875424941518055,11.943589215530283,36.73456561353984,Steady,0,0
2025-09-27 06:40:25.366869,6.797433775933115,11.122907402830196,36.75528027874089,Steady,0,0
2025-09-27 06:50:25.366869,7.062849466519054,11.798027376531609,37.52208043853454,Steady,0,0
2025-09-27 07:00:25.366869,6.818395184895758,12.455142320501238,37.340945744813155,Steady,0,0
2025-09-27 07:10:25.366869,6.717539259732941,10.121892395602512,37.92335366286802,Steady,0,0
2025-09-27 07:20:25.366869,7.293129753784311,11.195894127745165,37.29196409266298,Steady,0,0
2025-09-27 07:30:25.366869,6.9548447399026925,9.731209609870536,36.82035395460647,Steady,0,0
2025-09-27 07:40:25.366869,7.013505640937585,9.03269268100623,37.29532741534616,Steady,0,0
2025-09-27 07:50:25.366869,6.715050362757308,9.286316923049329,37.554351790291456,Steady,0,0
2025-09-27 08:00:25.366869,6.891123455094964,7.9386972476036215,37.41024109059868,Steady,0,0
2025-09-27 08:10:25.366869,7.022184517941973,8.022549585409898,37.25363701555365,Steady,0,0
2025-09-27 08:20:25.366869,6.769801284515539,7.010646332302794,37.533337344794575,Steady,0,0
2025-09-27 08:30:25.366869,7.075139603669134,9.843404789356747,37.584647795222835,Steady,0,0
2025-09-27 08:40:25.366869,6.879872262016239,7.628893973706597,37.691079495518764,Steady,0,0
2025-09-27 08:50:25.366869,6.941661250041345,6.659670318467082,37.32435494379482,Steady,0,0
2025-09-27 09:00:25.366869,6.87965867755412,7.394902048376498,36.91644095984157,Steady,0,0
2025-09-27 09:10:25.366869,7.370455636901788,6.949650085012515,37.073356843216665,Steady,0,0
2025-09-27 09:20:25.366869,6.997300555052413,6.784105925652971,37.603254483254176,Steady,0,0
2025-09-27 09:30:25.366869,6.78845781420882,7.625582605768189,36.59153216450638,Steady,0,0
2025-09-27 09:40:25.366869,7.164508982420638,7.838373098307833,37.18433665443645,Steady,0,0
2025-09-27 09:50:25.366869,6.755831270005795,6.681456279709005,36.80333059383632,Steady,0,0
2025-09-27 10:00:25.366869,7.041772719000951,6.826105548002003,37.014372411467406,Steady,0,0
2025-09-27 10:10:25.366869,6.6080659752240445,7.3717013080896265,37.63922593130365,Steady,0,0
2025-09-27 10:20:25.366869,6.734362790220314,5.639353921658213,37.095549534009955,Steady,0,0
2025-09-27 10:30:25.366869,7.039372247173825,6.764079628748309,37.023218274078076,Steady,0,0
2025-09-27 10:40:25.366869,7.147693315999082,10.020476726843137,36.32007192951004,Steady,0,0
2025-09-27 10:50:25.366869,7.034273656237994,10.701333445046442,37.37312678301361,Steady,0,0
2025-09-27 11:00:25.366869,6.976870343522352,9.230019427442828,37.322742090570536,Steady,0,0
2025-09-27 11:10:25.366869,6.939779260882142,10.48930280682643,38.08162736165273,Steady,0,0
2025-09-27 11:20:25.366869,6.704295601926514,10.659528896919225,36.8461108825235,Steady,0,0
2025-09-27 11:30:25.366869,6.856031158321058,13.855337943762798,37.10957516383197,Steady,0,0
2025-09-27 11:40:25.366869,6.907872245808043,12.307814209552046,37.12469184185538,Steady,0,0
2025-09-27 11:50:25.366869,7.211424445243783,11.447012149522912,37.78872663988174,Steady,0,0
2025-09-27 12:00:25.366869,7.068723657913692,10.97282238845919,36.95235223380652,Steady,0,0
2025-09-27 12:10:25.366869,6.647391968927453,10.634628893465415,37.139510762885166,Steady,0,0
2025-09-27 12:20:25.366869,7.0648167938789594,12.709927070106032,37.30394825485827,Steady,0,0
2025-09-27 12:30:25.366869,6.922983543916737,11.962572615825644,37.09330456157818,Steady,0,0
2025-09-27 12:40:25.366869,6.8646155999388085,11.451714827348793,36.776783192724736,Steady,0,0
2025-09-27 12:50:25.366869,7.1223352577681736,12.321752031500306,37.097044996449156,Steady,0,0
2025-09-27 13:00:25.366869,7.20619990449919,11.918451996385604,37.536815874929886,Steady,0,0
2025-09-27 13:10:25.366869,7.18625602382324,14.655466550815397,36.48674235029447,Steady,0,0
2025-09-27 13:20:25.366869,6.8321564953554725,13.755608293895918,37.06648483707344,Steady,0,0
2025-09-27 13:30:25.366869,6.938157524829757,12.710950719793333,36.649939592530416,Steady,0,0
2025-09-27 13:40:25.366869,7.066252686280713,13.986407573128838,37.59752331446242,Steady,0,0
2025-09-27 13:50:25.366869,7.195109025424472,12.318443521370607,36.238406547608115,Steady,0,0
2025-09-27 14:00:25.366869,6.904165152430942,11.067078627731357,36.720539076364204,Steady,0,0
2025-09-27 14:10:25.366869,6.962868204667236,13.098053818273337,37.18860593753226,Steady,0,0
2025-09-27 14:20:25.366869,6.778733005198794,11.727149341802132,37.78276201461717,Steady,0,0
2025-09-27 14:30:25.366869,6.760758675183866,9.739210980981106,36.967124869463504,Steady,0,0
2025-09-27 14:40:25.366869,7.16250516447884,10.157940064292086,36.7224002366534,Steady,0,0
2025-09-27 14:50:25.366869,7.271248005714164,9.037127590385913,37.940578534720295,Steady,0,0
2025-09-27 15:00:25.366869,6.985597975683933,8.096255736034873,36.27599304979188,Steady,0,0
2025-09-27 15:10:25.366869,7.200706579578405,9.982543279076804,35.90059702168996,Steady,0,0
2025-09-27 15:20:25.366869,7.072327205009527,10.563019099868745,37.22000722502666,Steady,0,0
2025-09-27 15:30:25.366869,6.870976049078975,6.880703117127723,36.7489728878237,Steady,0,0
2025-09-27 15:40:25.366869,7.072279121101682,8.50424432308437,36.489383591434645,Steady,0,0
2025-09-27 15:50:25.366869,7.307607313293194,6.996110436119448,37.354178223649676,Steady,0,0
2025-09-27 16:00:25.366869,6.99283479217801,6.91479840488199,37.1219003568856,Steady,0,0
2025-09-27 16:10:25.366869,7.312928731162801,6.6195635030806645,36.717960684631635,Steady,0,0
2025-09-27 16:20:25.366869,6.476050979182051,6.216874618580713,36.359847800664554,Recovery,0,0
2025-09-27 16:30:25.366869,7.164380500875045,7.059937533669591,37.436228664140074,Steady,0,0
2025-09-27 16:40:25.366869,7.017409413647634,6.174125408775157,37.32510058897933,Steady,0,0
2025-09-27 16:50:25.366869,6.9401985299068265,7.332434960483183,36.95041206811031,Steady,0,0
2025-09-27 17:00:25.366869,7.018352155307101,7.130684028193137,37.92331849802383,Steady,0,0
2025-09-27 17:10:25.366869,6.6024862170798215,7.120447779593254,36.46495761683693,Steady,0,0
2025-09-27 17:20:25.366869,6.956065622432497,6.6860667596932695,36.23723741453763,Steady,0,0
2025-09-27 17:30:25.366869,7.071422514302349,7.301908325872022,36.654045965059375,Steady,0,0
2025-09-27 17:40:25.366869,7.295578808948303,8.963915450717396,36.97720699182225,Steady,0,0
2025-09-27 17:50:25.366869,6.896345956345271,9.077116078381458,37.121669724661345,Steady,0,0
2025-09-27 18:00:25.366869,6.838301279421362,7.9963843252244375,36.87938197107184,Steady,0,0
2025-09-27 18:10:25.366869,6.899648591283093,9.49267958843311,37.17602769825715,Steady,0,0
2025-09-27 18:20:25.366869,7.183080423540415,10.576952636640357,36.37423028790478,Steady,0,0
2025-09-27 18:30:25.366869,7.065750221931937,8.5920619471216,37.72188230203663,Steady,0,0
2025-09-27 18:40:25.366869,6.894047959246592,11.235207804607253,36.95892441080372,Steady,0,0
2025-09-27 18:50:25.366869,7.102653486622671,10.444994682992206,37.55864791579406,Steady,0,0
2025-09-27 19:00:25.366869,7.019415509869608,12.070598668593156,37.17136267318885,Steady,0,0
2025-09-27 19:10:25.366869,7.193728998106578,11.097447317262258,37.22837660957689,Steady,0,0
2025-09-27 19:20:25.366869,6.85958938122453,10.377238824054626,37.2848836401161,Steady,0,0
2025-09-27 19:30:25.366869,6.934467570680447,10.82991369498381,37.22385428000866,Steady,0,0
2025-09-27 19:40:25.366869,6.921578369373568,12.728982867631617,37.32136137993377,Steady,0,0
2025-09-27 19:50:25.366869,6.707297010373576,13.107450432440583,37.664576265066216,Steady,0,0
2025-09-27 20:00:25.366869,7.0592240554129155,12.050106633932215,37.098260584850735,Steady,0,0
2025-09-27 20:10:25.366869,7.052211054435978,13.637323309023976,37.35450187879426,Steady,0,0
2025-09-27 20:20:25.366869,7.001022691328492,11.31819501095687,36.955132152856386,Steady,0,0
2025-09-27 20:30:25.366869,6.953082573324971,12.831697680219888,37.72005860772474,Steady,0,0
2025-09-27 20:40:25.366869,6.7169258515899175,11.543632120878367,36.661803848970365,Steady,0,0
2025-09-27 20:50:25.366869,6.915870935446928,11.901513909508841,37.90047021645541,Steady,0,0
2025-09-27 21:00:25.366869,6.931457096694646,12.34553200067335,36.97992102467783,Steady,0,0
2025-09-27 21:10:25.366869,6.839544546155676,11.133974231557866,36.284612448940976,Steady,0,0
2025-09-27 21:20:25.366869,6.967742857666798,11.263971389982595,37.0640522074554,Steady,0,0
2025-09-27 21:30:25.366869,7.0808101713629075,12.274147594436545,36.65947417126256,Steady,0,0
2025-09-27 21:40:25.366869,7.377237180242106,10.283517828610124,37.42032177449436,Steady,0,0
2025-09-27 21:50:25.366869,7.0349155625663675,11.270487689986886,36.673688010348805,Steady,0,0
2025-09-27 22:00:25.366869,7.0515100781445526,8.870293145342384,36.77690828339261,Steady,0,0
2025-09-27 22:10:25.366869,6.985110816846767,10.095008599993546,36.05522963452724,Steady,0,0
2025-09-27 22:20:25.366869,6.616245756940192,10.581158922524637,36.77384684037546,Steady,0,0
2025-09-27 22:30:25.366869,6.994697224910157,6.260500714650621,35.78806033668552,Steady,0,0
2025-09-27 22:40:25.366869,7.012046041988206,7.554577810317105,36.208048588257135,Steady,0,0
2025-09-27 22:50:25.366869,7.492648422497057,8.582684530338728,37.380207328072146,Steady,0,0
2025-09-27 23:00:25.366869,6.961527807043775,7.498821284600076,37.392900079325415,Steady,0,0
2025-09-27 23:10:25.366869,7.0603094684667225,7.817795856060314,37.21272878089248,Steady,0,0
2025-09-27 23:20:25.366869,6.9930576460589515,6.641366492643361,36.51651192843539,Steady,0,0
2025-09-27 23:30:25.366869,6.766264392476094,7.188812308605695,36.97614432192901,Steady,0,0
2025-09-27 23:40:25.366869,7.228564562903004,6.864607691382092,36.99819873045472,Steady,0,0
2025-09-27 23:50:25.366869,7.150386606537355,8.169051211413205,36.42081765540373,Steady,0,0
2025-09-28 00:00:25.366869,7.158206389408609,7.299997584264588,37.751699150883574,Steady,0,0
2025-09-28 00:10:25.366869,6.818122509041052,7.4898747313561005,37.43868114528784,Steady,0,0
2025-09-28 00:20:25.366869,7.2805588621872195,6.9072251129072955,36.88951791308517,Steady,0,0
2025-09-28 00:30:25.366869,6.719629787441544,7.054937643060528,37.013442919497265,Steady,0,0
2025-09-28 00:40:25.366869,7.117371418760054,7.385320887461229,37.10419140397378,Steady,0,0
2025-09-28 00:50:25.366869,7.438091125161995,8.533745668573511,35.97913256578786,Steady,0,0
2025-09-28 01:00:25.366869,6.801892734973863,8.079015519179737,36.876411308739705,Steady,0,0
2025-09-28 01:10:25.366869,6.886740454079446,9.182156414958357,36.6590078760011,Steady,0,0
2025-09-28 01:20:25.366869,7.019930273017528,11.383553186418112,36.49918999505254,Steady,0,0
2025-09-28 01:30:25.366869,6.89930486917676,10.60965747518871,36.859449853557024,Steady,0,0
2025-09-28 01:40:25.366869,6.689867313786774,9.848410954563576,37.89884326342476,Steady,0,0
2025-09-28 01:50:25.366869,7.013712594961206,11.807866639160057,37.3204214306335,Steady,0,0
2025-09-28 02:00:25.366869,6.787539257254779,10.617985056955451,36.7144105051086,Steady,0,0
2025-09-28 02:10:25.366869,7.094718486127037,9.385676574065062,37.28629139067808,Steady,0,0
2025-09-28 02:20:25.366869,6.816115153153239,10.783389464190948,37.699677718293,Steady,0,0
2025-09-28 02:30:25.366869,7.309986881003508,10.25052842253378,37.462316841456385,Steady,0,0
2025-09-28 02:40:25.366869,6.843349341532752,12.054856094223823,37.029815184960086,Steady,0,0
2025-09-28 02:50:25.366869,6.935587696758865,12.659022552729883,36.67653161114721,Steady,0,0
2025-09-28 03:00:25.366869,7.162703443473934,14.495515174633006,37.3491116568068,Steady,0,0
2025-09-28 03:10:25.366869,6.753827136713209,13.264949239060815,37.19674269271088,Steady,0,0
2025-09-28 03:20:25.366869,7.045491986920826,12.77582394600494,37.44759661001387,Steady,0,0
2025-09-28 03:30:25.366869,7.261428550856485,13.817989675458724,37.31758590084098,Steady,0,0
2025-09-28 03:40:25.366869,6.678503353087755,10.707999302731588,37.52477635765967,Steady,0,0
2025-09-28 03:50:25.366869,7.036926771706461,13.023657130789037,36.73238239421972,Steady,0,0
2025-09-28 04:00:25.366869,7.0519765588496846,13.368941405240287,37.658697032817166,Steady,0,0
2025-09-28 04:10:25.366869,7.156364574355462,10.874660748978886,37.0987998023462,Steady,0,0
2025-09-28 04:20:25.366869,6.752609857824384,13.202478956813133,38.03763043631263,Steady,0,0
2025-09-28 04:30:25.366869,6.7359086773831445,12.059225716547557,36.65540609095522,Steady,0,0
2025-09-28 04:40:25.366869,7.10438831312338,10.931109626700593,37.867981901582624,Steady,0,0
2025-09-28 04:50:25.366869,7.059396934646637,11.576416134561136,37.09895539173132,Steady,0,0
2025-09-28 05:00:25.366869,7.050098570069175,12.791637390805189,36.674290998192774,Steady,0,0
2025-09-28 05:10:25.366869,7.069289641899395,10.269120411287833,36.75805708297284,Steady,0,0
2025-09-28 05:20:25.366869,6.863995055684302,9.899941843924651,36.83982634590284,Steady,0,0
2025-09-28 05:30:25.366869,7.046450739432201,8.764181965152202,37.21208297320096,Steady,0,0
2025-09-28 05:40:25.366869,7.058614494659737,7.961916332417747,37.26141774401775,Steady,0,0
2025-09-28 05:50:25.366869,6.857129716394726,9.255406075540566,36.71314999803071,Steady,0,0
2025-09-28 06:00:25.366869,7.3731549022289515,7.215553345031519,36.98782270386951,Steady,0,0
2025-09-28 06:10:25.366869,7.0947665841823575,7.830491023496409,38.071135179305934,Steady,0,0
2025-09-28 06:20:25.366869,6.76173930055947,7.015879118996079,37.86377158505036,Steady,0,0
2025-09-28 06:30:25.366869,7.131310721726766,7.760056464636443,37.21816183483702,Steady,0,0
2025-09-28 06:40:25.366869,6.805063665954536,7.459693568340483,37.0190017390841,Steady,0,0
2025-09-28 06:50:25.366869,7.15741692074849,8.069215028515067,37.06001566335913,Steady,0,0
2025-09-28 07:00:25.366869,7.23171911580148,6.489983601145254,37.30675898636521,Steady,0,0
2025-09-28 07:10:25.366869,6.835863536329658,6.761800148963793,36.4886037174008,Steady,0,0
2025-09-28 07:20:25.366869,7.192675225848864,6.147267747271226,36.87131173128833,Steady,0,0
2025-09-28 07:30:25.366869,7.0825561853873,6.836783378813937,36.16570796306121,Steady,0,0
2025-09-28 07:40:25.366869,7.164412031998898,7.870837058806039,37.19961156130264,Steady,0,0
2025-09-28 07:50:25.366869,7.379358596530789,8.515913402922358,37.32359796985137,Steady,0,0
2025-09-28 08:00:25.366869,6.950922376799426,7.149471846762748,36.758406768850314,Steady,0,0
2025-09-28 08:10:25.366869,6.849252767128502,9.294676179101979,37.78699338164502,Steady,0,0
2025-09-28 08:20:25.366869,6.822097114074896,10.167398560687475,36.38711716849883,Steady,0,0
2025-09-28 08:30:25.366869,6.836837943006913,9.63697776791613,36.26781255989509,Steady,0,0
2025-09-28 08:40:25.366869,6.9845796581171795,11.528517070182366,37.112225909279985,Steady,0,0
2025-09-28 08:50:25.366869,7.0682303949633285,9.313464957125749,37.52354915130608,Steady,0,0
2025-09-28 09:00:25.366869,7.055338159866004,9.276289829689372,37.841963845728934,Steady,0,0
2025-09-28 09:10:25.366869,7.165436649807205,9.164914019550558,36.77055786856553,Steady,0,0
2025-09-28 09:20:25.366869,7.002600378375582,12.842441852090563,37.539340416715646,Steady,0,0
2025-09-28 09:30:25.366869,7.290706815431463,12.375094965407188,36.980745765249644,Steady,0,0
2025-09-28 09:40:25.366869,6.9470686333524085,12.003140242695743,36.91368635002959,Steady,0,0
2025-09-28 09:50:25.366869,7.544033833317924,12.633215621078545,37.441829968743335,Underfed,100,0
2025-09-28 10:00:25.366869,7.125133469553001,11.472587164054936,37.32616143920671,Steady,0,0
2025-09-28 10:10:25.366869,6.828568488716743,15.23379455229729,36.21180392150787,Steady,0,0
2025-09-28 10:20:25.366869,6.785821500387778,13.048355793714697,37.73827017486295,Steady,0,0
2025-09-28 10:30:25.366869,7.096494483048637,13.097978888880128,37.690045677073726,Steady,0,0
2025-09-28 10:40:25.366869,6.95530744293483,13.720691098712496,36.68721864924524,Steady,0,0
2025-09-28 10:50:25.366869,7.142800098818419,13.41903109703337,37.19790176671871,Steady,0,0
2025-09-28 11:00:25.366869,7.094647524914709,13.04296188663686,37.24701509314137,Steady,0,0
2025-09-28 11:10:25.366869,6.985434217468625,11.850129718095028,37.130336882911955,Steady,0,0
2025-09-28 11:20:25.366869,6.830641256386319,12.877837935401129,36.72484742307729,Steady,0,0
2025-09-28 11:30:25.366869,6.6970305550628275,14.00334484003468,36.66418831603097,Steady,0,0
2025-09-28 11:40:25.366869,6.910697009586595,13.136895821263343,36.98722296450428,Steady,0,0
2025-09-28 11:50:25.366869,7.171279758864695,13.016987735882328,37.58636450962968,Steady,0,0
2025-09-28 12:00:25.366869,7.042818748826041,10.514844753545834,37.271800077297215,Steady,0,0
2025-09-28 12:10:25.366869,6.750852244257603,9.617047896737537,36.81469283395695,Steady,0,0
2025-09-28 12:20:25.366869,7.034636185170236,10.048647566631786,37.385849355324176,Steady,0,0
2025-09-28 12:30:25.366869,7.077063475945767,9.794257684045728,35.575728689684965,Steady,0,0
2025-09-28 12:40:25.366869,6.823228512759774,10.402343906243638,37.574382850186055,Steady,0,0
2025-09-28 12:50:25.366869,7.030745021189105,7.19991692834713,36.13014311061095,Steady,0,0
2025-09-28 13:00:25.366869,7.0116417436892,10.029550319460618,36.81877952929843,Steady,0,0
2025-09-28 13:10:25.366869,6.771405940433875,7.981285627616237,36.44016505268693,Steady,0,0
2025-09-28 13:20:25.366869,7.071557472069657,7.39099800533344,36.35265926213955,Steady,0,0
2025-09-28 13:30:25.366869,7.112156905273647,6.530439491872864,37.58041339368926,Steady,0,0
2025-09-28 13:40:25.366869,7.216610248635055,5.664245407163996,36.76614939934405,Steady,0,0
2025-09-28 13:50:25.366869,7.210760410406981,7.975442653242815,37.173251940865356,Steady,0,0
2025-09-28 14:00:25.366869,6.724466126408582,7.118894708151782,36.97653971056041,Steady,0,0
2025-09-28 14:10:25.366869,6.812434992016976,5.711308250012344,37.23852041361156,Steady,0,0
2025-09-28 14:20:25.366869,7.103007053441732,5.725206154710555,37.038410945530124,Steady,0,0
2025-09-28 14:30:25.366869,7.102757190182442,6.766437821842665,36.35850388790571,Steady,0,0
2025-09-28 14:40:25.366869,7.10300953726121,8.914373204648568,37.49813340972357,Steady,0,0
2025-09-28 14:50:25.366869,7.770546298130944,7.187058631325391,36.75312170841934,Underfed,0,0
2025-09-28 15:00:25.366869,7.114178102138633,6.1987237175249525,36.22170905067012,Steady,0,0
2025-09-28 15:10:25.366869,7.22711312803612,7.759869339072241,36.78594241951704,Steady,0,0
2025-09-28 15:20:25.366869,7.19080035269864,8.078749496039908,37.75037989531715,Steady,0,0
2025-09-28 15:30:25.366869,7.13027825026116,6.035258571836323,37.425110871056745,Steady,0,0
2025-09-28 15:40:25.366869,6.936946151071931,9.085295435348907,36.82567393279607,Steady,0,0
2025-09-28 15:50:25.366869,7.151793844098654,9.33426989186957,36.825371147840784,Steady,0,0
2025-09-28 16:00:25.366869,6.845434957092485,10.696206364813415,36.83918247439131,Steady,0,0
2025-09-28 16:10:25.366869,6.952636278651998,12.28375167286708,38.03837399178042,Steady,0,0
2025-09-28 16:20:25.366869,6.902927290434179,11.986974727681021,37.19096772611578,Steady,0,0
2025-09-28 16:30:25.366869,7.016374827877264,10.998966094667258,37.21502082359554,Steady,0,0
2025-09-28 16:40:25.366869,7.462931713334702,10.542001025470737,37.51514172701592,Steady,0,0
2025-09-28 16:50:25.366869,6.62654696148165,14.567747400091662,37.119394579513255,Steady,0,0
2025-09-28 17:00:25.366869,7.1372520380749025,12.357351763371412,36.87047892708965,Steady,0,0
2025-09-28 17:10:25.366869,6.67745682576207,12.567279309223947,36.90182507545751,Steady,0,0
2025-09-28 17:20:25.366869,6.905613626842113,12.73052323353082,36.96419937029297,Steady,0,0
2025-09-28 17:30:25.366869,7.217790119393473,13.09586223963506,36.981388881745076,Steady,0,0
2025-09-28 17:40:25.366869,7.012856003819093,12.835354661301885,37.36381477181849,Steady,0,0
2025-09-28 17:50:25.366869,6.784451044414139,12.425068843366367,37.02597294290365,Steady,0,0
2025-09-28 18:00:25.366869,6.856939258148007,12.407564317796233,37.36632003860779,Steady,0,0
2025-09-28 18:10:25.366869,7.135919549786935,12.814974660503108,36.95964170994571,Steady,0,0
2025-09-28 18:20:25.366869,6.853926673656573,12.137473149836477,37.039317595158046,Steady,0,0
2025-09-28 18:30:25.366869,7.043291717916395,11.744610350189822,36.000899657733946,Steady,0,0
2025-09-28 18:40:25.366869,7.009114367980763,12.288551152411056,37.45816383735124,Steady,0,0
2025-09-28 18:50:25.366869,6.869679930478837,11.605729256383924,37.173244237949,Steady,0,0
2025-09-28 19:00:25.366869,7.428788817865065,13.00399298858269,37.499005054929825,Steady,0,0
2025-09-28 19:10:25.366869,7.126783804463602,8.456648633545047,35.55187231090316,Steady,0,0
2025-09-28 19:20:25.366869,6.594971482668479,11.78335446414979,38.04418735239037,Recovery,0,20
2025-09-28 19:30:25.366869,7.037290862953886,11.507552420740613,36.93020518592241,Steady,0,0
2025-09-28 19:40:25.366869,6.867642707046322,7.752175280860435,37.554091408368755,Steady,0,0
2025-09-28 19:50:25.366869,7.170486666959245,9.05065968892355,36.480047036437234,Steady,0,0
2025-09-28 20:00:25.366869,6.84149585231346,8.602498704027216,37.306386952531284,Steady,0,0
2025-09-28 20:10:25.366869,6.97705271170662,7.168687196039273,36.47329221841317,Steady,0,0
2025-09-28 20:20:25.366869,7.100997455796091,7.430707537300765,36.6881155196521,Steady,0,0
2025-09-28 20:30:25.366869,7.173151038834025,6.768103810974529,37.957015676933395,Steady,0,0
2025-09-28 20:40:25.366869,6.759940718588845,9.345900865158493,36.904658799618325,Steady,0,0
2025-09-28 20:50:25.366869,6.933099752831811,8.29507421960713,37.10871643658986,Steady,0,0
2025-09-28 21:00:25.366869,6.905010937767809,8.452477232636436,37.43503386534438,Steady,0,0
2025-09-28 21:10:25.366869,6.869334153485258,7.7836501987465825,37.247840943986304,Steady,0,0
2025-09-28 21:20:25.366869,7.353090848056219,5.876023753968967,37.07520945257179,Steady,0,0
2025-09-28 21:30:25.366869,7.080996342192191,6.486895639444988,37.182480501233115,Steady,0,0
2025-09-28 21:40:25.366869,6.747823209132991,7.570239949488442,38.20170779261914,Steady,0,0
2025-09-28 21:50:25.366869,7.183572389410955,5.98982961842758,36.97119060148321,Steady,0,0
2025-09-28 22:00:25.366869,7.4244312394025265,8.114922218819071,37.100549523357486,Steady,0,0
2025-09-28 22:10:25.366869,7.206493052110229,7.406427607083136,37.52532719800381,Steady,0,0
2025-09-28 22:20:25.366869,6.696126006809197,7.566454278844198,37.552762966478994,Steady,0,0
2025-09-28 22:30:25.366869,6.90315318542675,8.990230659150347,37.59351515278019,Steady,0,0
2025-09-28 22:40:25.366869,7.2533822298373245,9.097865770884646,37.31936511101459,Steady,0,0
2025-09-28 22:50:25.366869,6.858466106876244,8.695399565726067,36.428497543634755,Steady,0,0
2025-09-28 23:00:25.366869,7.088763885629246,10.638385270363443,37.81671576615055,Steady,0,0
2025-09-28 23:10:25.366869,7.1549268106858674,8.831682516170751,36.426827303490654,Steady,0,0
2025-09-28 23:20:25.366869,6.814613905684383,10.964214349319937,37.15131773261952,Steady,0,0
2025-09-28 23:30:25.366869,6.98809492878764,11.369558393275947,36.62286207499032,Steady,0,0
2025-09-28 23:40:25.366869,6.351746531986185,10.878692858803477,36.9679308267035,Recovery,0,20
2025-09-28 23:50:25.366869,6.795122471733142,11.901062763245795,37.16438120515174,Steady,0,0
2025-09-29 00:00:25.366869,6.949486369721368,10.67724925267431,37.16067860772514,Steady,0,0
2025-09-29 00:10:25.366869,6.7504433636070305,13.165102232929884,37.210960377117644,Steady,0,0
2025-09-29 00:20:25.366869,7.326482260786327,12.321561297795814,37.80685563452932,Steady,0,0
2025-09-29 00:30:25.366869,6.713971724407873,12.196200340590904,37.22676715075699,Steady,0,0
2025-09-29 00:40:25.366869,6.911991102660603,13.92297776278335,36.877921682354675,Steady,0,0
2025-09-29 00:50:25.366869,7.026148115457218,12.263981225200071,37.48204358414418,Steady,0,0
2025-09-29 01:00:25.366869,7.288254657813223,11.59153870363644,37.59473524446232,Steady,0,0
2025-09-29 01:10:25.366869,6.712827569764112,11.41169574221893,36.386196092431504,Steady,0,0
2025-09-29 01:20:25.366869,7.232632750430992,13.479978488292106,37.29870003492493,Steady,0,0
2025-09-29 01:30:25.366869,7.002046612203918,11.438494008613668,37.35058637115545,Steady,0,0
2025-09-29 01:40:25.366869,6.803698269790409,14.261257616223178,36.85121824832,Steady,0,0
2025-09-29 01:50:25.366869,7.092420694852654,10.159145805839273,37.68785340665581,Steady,0,0
2025-09-29 02:00:25.366869,7.039811939114694,13.624819197349666,36.92497220648374,Steady,0,0
2025-09-29 02:10:25.366869,6.879956624568241,11.785947208206311,37.06278822673577,Steady,0,0
2025-09-29 02:20:25.366869,7.013960416998004,11.091526186247094,36.91346408785807,Steady,0,0
2025-09-29 02:30:25.366869,6.922937280627648,10.231538048498631,37.007789523790734,Steady,0,0
2025-09-29 02:40:25.366869,7.022703469050249,10.747414856727763,36.4518624565524,Steady,0,0
2025-09-29 02:50:25.366869,7.132426134904209,9.87511114134582,36.279974558702854,Steady,0,0
2025-09-29 03:00:25.366869,7.31720336322907,10.582357349015735,37.797252531612486,Steady,0,0
2025-09-29 03:10:25.366869,6.75243690023463,9.170593380207206,36.576519325840835,Steady,0,0
2025-09-29 03:20:25.366869,7.426606674931254,8.8039042208605,36.50430382527185,Steady,0,0
2025-09-29 03:30:25.366869,6.609582440095499,7.9156584787330155,35.92330494319814,Steady,0,0
2025-09-29 03:40:25.366869,6.969642980992884,7.884329462672742,36.68051912615525,Steady,0,0
2025-09-29 03:50:25.366869,7.117663441296916,7.954554774133342,36.33845510329625,Steady,0,0
2025-09-29 04:00:25.366869,7.056198373547007,5.691755395990068,37.82100758006818,Steady,0,0
2025-09-29 04:10:25.366869,6.875460096035881,5.863772005213828,37.504908544671316,Steady,0,0
2025-09-29 04:20:25.366869,6.958375549928545,7.824129482283244,36.65592482741114,Steady,0,0
2025-09-29 04:30:25.366869,6.901399813068234,7.182281343852706,38.12621790267215,Steady,0,0
2025-09-29 04:40:25.366869,6.882127048611157,6.821092188833515,37.490882743495796,Steady,0,0
2025-09-29 04:50:25.366869,7.169920419404205,7.080412067768736,36.83758430824569,Steady,0,0
2025-09-29 05:00:25.366869,7.071403097193009,7.528503843003943,35.75029714256321,Steady,0,0
2025-09-29 05:10:25.366869,6.861418080947869,6.819636146150299,38.14547128629537,Steady,0,0
2025-09-29 05:20:25.366869,7.1799199750866505,6.815325696332546,36.3052137666182,Steady,0,0
2025-09-29 05:30:25.366869,7.061459904175321,8.074524911538026,36.17730062652156,Steady,0,0
2025-09-29 05:40:25.366869,7.162572423767792,7.230151447276594,37.51128521600482,Steady,0,0
2025-09-29 05:50:25.366869,7.125925768384723,8.984451646471548,38.21987620316963,Steady,0,0
2025-09-29 06:00:25.366869,6.834200997815586,7.271355965785149,37.69213640925526,Steady,0,0
2025-09-29 06:10:25.366869,6.8879637919606065,10.422502920329524,37.28195456002618,Steady,0,0
2025-09-29 06:20:25.366869,7.1494587210246525,10.298162995681608,37.29737717083264,Steady,0,0
2025-09-29 06:30:25.366869,7.122074053086693,10.517496962556839,37.426707779390156,Steady,0,0
2025-09-29 06:40:25.366869,6.995819681207171,11.674538596172821,37.37946429489338,Steady,0,0
2025-09-29 06:50:25.366869,7.023465476661756,12.773092886400615,37.14059571198469,Steady,0,0
2025-09-29 07:00:25.366869,7.255532979157685,12.514370065018115,37.05210055197594,Steady,0,0
2025-09-29 07:10:25.366869,6.881685722232834,10.01983224247312,36.96870343605024,Steady,0,0
2025-09-29 07:20:25.366869,7.109419476234008,10.90254395798343,36.62301770556666,Steady,0,0
2025-09-29 07:30:25.366869,6.959561469513221,11.832637555171294,36.859662461566614,Steady,0,0
2025-09-29 07:40:25.366869,6.9564637593545555,12.706988971181067,36.15352159290231,Steady,0,0
2025-09-29 07:50:25.366869,7.219755370397438,13.365386951188222,36.95083018660262,Steady,0,0
2025-09-29 08:00:25.366869,7.165083269797606,12.228679445883158,36.50570444642454,Steady,0,0
2025-09-29 08:10:25.366869,7.1627019272001275,13.18549761472368,36.44820534139212,Steady,0,0
2025-09-29 08:20:25.366869,7.261095761430866,12.224332140872507,37.08994707557674,Steady,0,0
2025-09-29 08:30:25.366869,7.004200768326552,12.286259675875263,37.696001143172296,Steady,0,0
2025-09-29 08:40:25.366869,7.136390594258993,11.347987223792607,37.45915830300115,Steady,0,0
2025-09-29 08:50:25.366869,6.937946648681309,11.630116771200107,36.21474969818841,Steady,0,0
2025-09-29 09:00:25.366869,7.064833270497688,10.946448723740602,36.505185931714834,Steady,0,0
2025-09-29 09:10:25.366869,6.973971389126463,11.018514343864483,37.47038559399411,Steady,0,0
2025-09-29 09:20:25.366869,7.019399192998543,12.702168730820263,36.50875630323085,Steady,0,0
2025-09-29 09:30:25.366869,7.119031405087383,10.318455896390162,36.88768342500149,Steady,0,0
2025-09-29 09:40:25.366869,6.8363558633533055,13.492791762970672,37.27502604951228,Steady,0,0
2025-09-29 09:50:25.366869,7.418477455137092,10.928113478802643,36.51582777256818,Steady,0,0
2025-09-29 10:00:25.366869,6.79879652370006,10.18483612369489,37.05268775307298,Steady,0,0
2025-09-29 10:10:25.366869,6.757162277442454,8.706846641897064,36.332987252540896,Steady,0,0
2025-09-29 10:20:25.366869,7.231622174700013,9.83990018127574,36.6993161780244,Steady,0,0
2025-09-29 10:30:25.366869,7.158332538792587,8.156507388540149,37.15989096707127,Steady,0,0
2025-09-29 10:40:25.366869,7.124823963410431,8.473482880432947,36.203503133234165,Steady,0,0
2025-09-29 10:50:25.366869,7.125669101852856,10.565696941426987,37.2202373689802,Steady,0,0
2025-09-29 11:00:25.366869,6.997550645430617,7.605806770918421,36.99018110053666,Steady,0,0
2025-09-29 11:10:25.366869,6.820549125702834,8.595923308974683,37.27624497720858,Steady,0,0
2025-09-29 11:20:25.366869,7.015160911638746,6.542175254233296,37.11195706703233,Steady,0,0
2025-09-29 11:30:25.366869,6.864567657697577,7.067234030635837,37.68207021498692,Steady,0,0
2025-09-29 11:40:25.366869,7.19502394668355,8.791085562409684,37.062612251323955,Steady,0,0
2025-09-29 11:50:25.366869,6.970588523699572,6.37430209196563,36.785297229437376,Steady,0,0
2025-09-29 12:00:25.366869,6.834900560641498,8.858025298960301,37.06114875151614,Steady,0,0
2025-09-29 12:10:25.366869,6.935722831669401,7.860024004736373,37.2716490145182,Steady,0,0
2025-09-29 12:20:25.366869,7.082586290855125,6.756635303135494,37.02443003516285,Steady,0,0
2025-09-29 12:30:25.366869,6.887255089439205,8.174951606188541,37.02029584560194,Steady,0,0
2025-09-29 12:40:25.366869,6.835555920886714,8.790433524907575,36.64900415609662,Steady,0,0
2025-09-29 12:50:25.366869,7.048737442298383,8.761103488412406,36.66854954122453,Steady,0,0
2025-09-29 13:00:25.366869,7.048993314221745,6.929775280109531,36.29869736410015,Steady,0,0
2025-09-29 13:10:25.366869,6.898611364925774,8.165244382237063,37.87478837159347,Steady,0,0
2025-09-29 13:20:25.366869,6.905792338876336,9.060633752221156,36.378068382304356,Steady,0,0
2025-09-29 13:30:25.366869,7.046409987471527,9.664099342656957,36.653547401102045,Steady,0,0
2025-09-29 13:40:25.366869,6.710383131700535,10.795106584282081,36.6407963672154,Steady,0,0
2025-09-29 13:50:25.366869,6.718507245124689,10.784353717929363,37.44746218847222,Steady,0,0
2025-09-29 14:00:25.366869,6.856311155749513,9.690716071266898,36.852525160853986,Steady,0,0
2025-09-29 14:10:25.366869,6.957310569657631,11.803998960248876,37.623871036336865,Steady,0,0
2025-09-29 14:20:25.366869,7.062181513119601,12.402061520392172,36.663254687878066,Steady,0,0
2025-09-29 14:30:25.366869,7.29507124338991,12.681110791490672,37.1394970811119,Steady,0,0
2025-09-29 14:40:25.366869,7.171531924640404,13.487150303819742,36.582326473370124,Steady,0,0
2025-09-29 14:50:25.366869,6.968012294007314,13.47452632808923,38.0725745638867,Steady,0,0
2025-09-29 15:00:25.366869,6.996196758419463,13.278257941586155,36.406200790485244,Steady,0,0
2025-09-29 15:10:25.366869,6.799494127072438,12.867856153838003,37.154910355113515,Steady,0,0
2025-09-29 15:20:25.366869,6.996297372801522,11.333963541297813,37.31688844046605,Steady,0,0
2025-09-29 15:30:25.366869,6.942268272215973,13.418202313407821,37.20689954872575,Steady,0,0
2025-09-29 15:40:25.366869,7.064543712067618,13.126822298902583,36.907356170561144,Steady,0,0
2025-09-29 15:50:25.366869,6.834553811289536,13.059621409875845,36.935089650133285,Steady,0,0
2025-09-29 16:00:25.366869,7.103869302848234,11.321327635533013,37.021905735989556,Steady,0,0
2025-09-29 16:10:25.366869,7.306547782600515,11.272190454350476,36.92649899918575,Steady,0,0
2025-09-29 16:20:25.366869,6.978247970308629,13.111877766939116,37.48193955839746,Steady,0,0
2025-09-29 16:30:25.366869,7.080342344419789,11.6811741551965,38.10526150079568,Steady,0,0
2025-09-29 16:40:25.366869,7.138028798342223,12.027898237974032,36.72125410749608,Steady,0,0
2025-09-29 16:50:25.366869,6.919755905622833,10.971952644585325,36.31509851021046,Steady,0,0
2025-09-29 17:00:25.366869,7.044818496362083,10.550700672496543,36.95585897582437,Steady,0,0
2025-09-29 17:10:25.366869,7.002518480156359,11.02553796220534,38.28985466882716,Steady,0,0
2025-09-29 17:20:25.366869,7.019535219709766,9.135676529406947,36.59816271601513,Steady,0,0
2025-09-29 17:30:25.366869,6.845398043228907,9.319663641633433,37.81955840272203,Steady,0,0
2025-09-29 17:40:25.366869,7.0049020348517885,8.3494854131775,37.83885040703822,Steady,0,0
2025-09-29 17:50:25.366869,7.09959965824909,7.990574031564018,36.723205879146,Steady,0,0
2025-09-29 18:00:25.366869,7.290228721559008,7.762465047471758,37.284491539592636,Steady,0,0
2025-09-29 18:10:25.366869,7.191854165217041,7.981058557910739,37.81419831156427,Steady,0,0
2025-09-29 18:20:25.366869,7.4306364915023115,7.014787944097726,36.81043612950626,Steady,0,0
2025-09-29 18:30:25.366869,6.84653048742239,8.536832764463574,36.89820981994882,Steady,0,0
2025-09-29 18:40:25.366869,7.174464127344136,6.23142416083403,36.70915954302568,Steady,0,0
2025-09-29 18:50:25.366869,7.03666840114767,6.844803440095809,36.49262163465357,Steady,0,0
2025-09-29 19:00:25.366869,7.437960586643534,6.560268941725825,36.67536122746699,Steady,0,0
2025-09-29 19:10:25.366869,6.838340342928969,8.478652968610898,36.38802986661887,Steady,0,0
2025-09-29 19:20:25.366869,6.832055631563845,7.322586239565103,37.01704173412961,Steady,0,0
2025-09-29 19:30:25.366869,6.880121470911195,8.312921178358678,36.61501338447068,Steady,0,0
2025-09-29 19:40:25.366869,6.5752208551380384,6.0079761927242075,37.11689295589537,Recovery,0,0
2025-09-29 19:50:25.366869,6.894848995663848,8.025975052146254,36.22205217689819,Steady,0,0
2025-09-29 20:00:25.366869,6.848173467689261,8.9612679665638,37.16544011610723,Steady,0,0
2025-09-29 20:10:25.366869,7.030078757295241,8.507354248271739,37.41676448080446,Steady,0,0
2025-09-29 20:20:25.366869,7.068351195155432,9.877241076947872,36.003132178714274,Steady,0,0
2025-09-29 20:30:25.366869,7.375234167843177,8.706254414592054,37.187028284923784,Steady,0,0
2025-09-29 20:40:25.366869,7.19008476763721,11.061068697809876,37.61383449623665,Steady,0,0
2025-09-29 20:50:25.366869,6.884619268867519,12.38615227984857,36.3951794906544,Steady,0,0
2025-09-29 21:00:25.366869,6.820317065730328,10.158105972561115,37.83628619341885,Steady,0,0
2025-09-29 21:10:25.366869,7.098383834301301,10.49813174705405,37.20950950468302,Steady,0,0
2025-09-29 21:20:25.366869,6.7359533585958715,12.799782017719068,36.64749407212079,Steady,0,0
2025-09-29 21:30:25.366869,7.366291753170871,13.30030145478383,36.97211546117115,Steady,0,0
2025-09-29 21:40:25.366869,7.235888024144257,11.535864886452929,37.27916345626086,Steady,0,0
2025-09-29 21:50:25.366869,6.906164869579059,11.933060177662865,37.038002695706204,Steady,0,0
2025-09-29 22:00:25.366869,6.657373094181825,12.316291602492804,37.269377996223184,Steady,0,0
2025-09-29 22:10:25.366869,7.2707744748330825,11.443592061646186,36.539663203460314,Steady,0,0
2025-09-29 22:20:25.366869,6.977092030949477,12.000482665255271,37.08468041201804,Steady,0,0
2025-09-29 22:30:25.366869,7.247563262394692,11.984443327523167,36.29314275154751,Steady,0,0
2025-09-29 22:40:25.366869,6.681114468241127,12.227126909709677,36.94438696932565,Steady,0,0
2025-09-29 22:50:25.366869,6.880124995409245,12.903336977909877,36.54804617926761,Steady,0,0
2025-09-29 23:00:25.366869,7.001048739943637,13.053292594894254,36.63223502870512,Steady,0,0
2025-09-29 23:10:25.366869,7.0093961187529485,14.191104666354413,37.61804658760522,Steady,0,0
2025-09-29 23:20:25.366869,6.909986905704152,11.408015537526344,37.545655060297136,Steady,0,0
2025-09-29 23:30:25.366869,7.1245699864695,13.105642742036233,37.30456906045359,Steady,0,0
2025-09-29 23:40:25.366869,6.786475914123481,11.577486930882857,36.45384361766371,Steady,0,0
2025-09-29 23:50:25.366869,6.971524102995741,11.374337399590502,36.8417957751526,Steady,0,0
2025-09-30 00:00:25.366869,7.0240591263423795,11.700879922143626,37.60654884998959,Steady,0,0
2025-09-30 00:10:25.366869,7.10288776681175,9.483930695433834,37.070858456819956,Steady,0,0
2025-09-30 00:20:25.366869,7.142322975617778,10.556844232915498,38.15966476999085,Steady,0,0
2025-09-30 00:30:25.366869,6.775071581632426,9.904984979970104,37.196658919697185,Steady,0,0
2025-09-30 00:40:25.366869,6.693177165852876,9.800603651780854,37.09602455824501,Steady,0,0
2025-09-30 00:50:25.366869,7.255535364379702,9.18155020196977,36.84544176789875,Steady,0,0
2025-09-30 01:00:25.366869,7.066462802395918,10.955300139910902,37.06677045239114,Steady,0,0
2025-09-30 01:10:25.366869,6.85030269268869,7.501553541943912,36.92376508180973,Steady,0,0
2025-09-30 01:20:25.366869,7.3102303951045045,7.286882120279046,37.3540543383443,Steady,0,0
2025-09-30 01:30:25.366869,7.023134926858572,6.91940334070827,37.478351158397295,Steady,0,0
2025-09-30 01:40:25.366869,7.235859436812765,6.763624959869517,36.607005269746026,Steady,0,0
2025-09-30 01:50:25.366869,7.013503696282021,6.514884941974387,36.33438352322111,Steady,0,0
2025-09-30 02:00:25.366869,7.412149584976397,8.234593272070931,36.08189731344835,Steady,0,0
2025-09-30 02:10:25.366869,7.3510681684886405,8.421773397743253,37.25399566345627,Steady,0,0
2025-09-30 02:20:25.366869,6.950207170304186,6.449538633024694,36.44831669691306,Steady,0,0
2025-09-30 02:30:25.366869,7.194314190190871,6.269866948028564,35.923554703523756,Steady,0,0
2025-09-30 02:40:25.366869,7.12907518991703,7.7167672357455785,37.19428930226548,Steady,0,0
2025-09-30 02:50:25.366869,7.273726311506469,6.894426938408023,38.246499758716396,Steady,0,0
2025-09-30 03:00:25.366869,6.8070153078839795,8.334798488398567,36.99696454423005,Steady,0,0
2025-09-30 03:10:25.366869,7.137210291999688,8.208535424009474,37.41924538722582,Steady,0,0
2025-09-30 03:20:25.366869,7.211684897369918,6.835728950790334,37.04091467927378,Steady,0,0
2025-09-30 03:30:25.366869,6.648252102715377,10.279650416107943,36.95055517340443,Steady,0,0
2025-09-30 03:40:25.366869,6.763348297466845,10.935467974962227,37.45953824149388,Steady,0,0
2025-09-30 03:50:25.366869,6.59215356444798,8.952415731593847,36.854862727905676,Recovery,0,40
2025-09-30 04:00:25.366869,6.946118633111088,9.61229844006401,37.13369615703595,Steady,0,0
